<?xml version="1.0" encoding="utf-8"?>
<install type="component" version="1.5" method="upgrade">
	<name>Social Sharing</name>
	<license>Open Source License, GPL v2 based</license>
	<author>LoginRadius</author>
	<authorEmail>developers@loginradius.com</authorEmail>
	<authorUrl>http://www.loginradius.com</authorUrl>
	<creationDate>2012-01-01</creationDate>
	<copyright>2013, LoginRadius</copyright>
	<version>3.5</version>
	<description></description>

	<!-- Installation -->	
	<install>
		<sql>
			<file driver="mysql" charset="utf8">install/install.mysql.utf8.sql</file>
		</sql>
	</install>
	<installfile>install/install.php</installfile>
	<uninstall>
		<sql>
			<file driver="mysql" charset="utf8">install/uninstall.mysql.utf8.sql</file>
		</sql>
	</uninstall>
	<uninstallfile>install/uninstall.php</uninstallfile>
		
	<!-- Component site -->
	<files folder="site">				
		<filename>index.html</filename>
		<filename>socialsharing.xml</filename>
		<filename>socialsharing.php</filename>
		<filename>controller.php</filename>
		<filename>router.php</filename>
		<folder>views</folder>
		<folder>models</folder>
	</files>
	<media destination="com_socialsharing" folder="media">
		<filename>index.html</filename>
		<folder>images</folder>
	</media>
	
	<!-- Administration -->
	<administration>
		<menu img="../media/com_socialsharing/images/favicon.png">Social Sharing</menu>
		<files folder="admin">
			<folder>assets</folder>
			<folder>install</folder>
			<folder>models</folder>
			<folder>views</folder>
			<file>index.html</file>
			<file>controller.php</file>
			<file>socialsharing.php</file>
		</files>
		<languages folder="admin/language">
			    <language tag="en-GB">en-GB/en-GB.com_socialsharing.ini</language>
		        <language tag="fr-FR">fr-FR/fr-FR.com_socialsharing.ini</language>
		        <language tag="es-ES">es-ES/es-ES.com_socialsharing.ini</language>
		        <language tag="ru-RU">ru-RU/ru-RU.com_socialsharing.ini</language>
		        <language tag="it-IT">it-IT/it-IT.com_socialsharing.ini</language>
		        <language tag="de-DE">de-DE/de-DE.com_socialsharing.ini</language>
		        <language tag="da-DK">da-DK/da-DK.com_socialsharing.ini</language>
		        <language tag="el-GR">el-GR/el-GR.com_socialsharing.ini</language>
		        <language tag="uk-UA">uk-UA/uk-UA.com_socialsharing.ini</language>
		        <language tag="ar-AA">ar-AA/ar-AA.com_socialsharing.ini</language>
		        <language tag="nl-NL">nl-NL/nl-NL.com_socialsharing.ini</language>
		        <language tag="et-EE">et-EE/et-EE.com_socialsharing.ini</language>
		        <language tag="pl-PL">pl-PL/pl-PL.com_socialsharing.ini</language>
		        <language tag="pt-PT">pt-PT/pt-PT.com_socialsharing.ini</language>
	   </languages>
	</administration>	
	<languages folder="language">
		        <language tag="en-GB">en-GB/en-GB.com_socialsharing.ini</language>
				<language tag="fr-FR">fr-FR/fr-FR.com_socialsharing.ini</language>
				<language tag="ru-RU">ru-RU/ru-RU.com_socialsharing.ini</language>
				<language tag="it-IT">it-IT/it-IT.com_socialsharing.ini</language>
				<language tag="es-ES">es-ES/es-ES.com_socialsharing.ini</language>
				<language tag="de-DE">de-DE/de-DE.com_socialsharing.ini</language>
				<language tag="da-DK">da-DK/da-DK.com_socialsharing.ini</language>
				<language tag="el-GR">el-GR/el-GR.com_socialsharing.ini</language>
				<language tag="uk-UA">uk-UA/uk-UA.com_socialsharing.ini</language>
				<language tag="ar-AA">ar-AA/ar-AA.com_socialsharing.ini</language>
				<language tag="nl-NL">nl-NL/nl-NL.com_socialsharing.ini</language>
				<language tag="et-EE">et-EE/et-EE.com_socialsharing.ini</language>
				<language tag="pl-PL">pl-PL/pl-PL.com_socialsharing.ini</language>
				<language tag="pt-PT">pt-PT/pt-PT.com_socialsharing.ini</language>
		        <language tag="en-GB">en-GB/en-GB.mod_socialsharing.ini</language>
		        <language tag="fr-FR">fr-FR/fr-FR.mod_socialsharing.ini</language>
		        <language tag="ru-RU">ru-RU/ru-RU.mod_socialsharing.ini</language>
		        <language tag="it-IT">it-IT/it-IT.mod_socialsharing.ini</language>
		        <language tag="es-ES">es-ES/es-ES.mod_socialsharing.ini</language>
		        <language tag="de-DE">de-DE/de-DE.mod_socialsharing.ini</language>
		        <language tag="da-DK">da-DK/da-DK.mod_socialsharing.ini</language>
		        <language tag="el-GR">el-GR/el-GR.mod_socialsharing.ini</language>
		        <language tag="uk-UA">uk-UA/uk-UA.mod_socialsharing.ini</language>
		        <language tag="ar-AA">ar-AA/ar-AA.mod_socialsharing.ini</language>
		        <language tag="nl-NL">nl-NL/nl-NL.mod_socialsharing.ini</language>
		        <language tag="et-EE">et-EE/et-EE.mod_socialsharing.ini</language>
		        <language tag="pl-PL">pl-PL/pl-PL.mod_socialsharing.ini</language>
                <language tag="pt-PT">pt-PT/pt-PT.mod_socialsharing.ini</language>
          </languages>
	<!-- Plugins -->
	<plugins>
		<plugin plugin="socialshare" title="Content - Social Share" order="-100" group="content">
			<files folder="plg_socialshare">
				<file plugin="socialshare">socialshare.php</file>
		        <file>socialshare.xml</file>
				<file>socialshare.js</file>				
			</files>
		</plugin>
	</plugins>	
</install>